ms;state;event;payload;gx;gy
476542;3;NAV_BACK;cond=1,set=5,animal_idx=3,animal_name=Hase,ids=hase_006.png;0.50708365;0.35874453
420877;-1;GAZE;;0.5051645;0.3556518
420893;-1;GAZE;;0.5005572;0.34643266
420909;-1;GAZE;;0.49925312;0.34822956
420925;-1;GAZE;;0.49956995;0.3472031
420943;-1;GAZE;;0.49511543;0.35586542
420973;-1;GAZE;;0.4951341;0.35690716
