ms;state;event;payload;gx;gy
476910;3;NAV_BACK;cond=1,set=3,animal_idx=3,animal_name=Hase,ids=hase_004.png;0.086036816;0.87594503
421238;-1;GAZE;;0.08155204;0.8781571
421254;-1;GAZE;;0.07986241;0.87366337
421270;-1;GAZE;;0.07947426;0.87127113
421286;-1;GAZE;;0.075633936;0.8623647
421316;-1;GAZE;;0.070762165;0.85858476
421332;-1;GAZE;;0.0691636;0.86327803
421348;-1;GAZE;;0.07105648;0.84749734
