ms;state;event;payload;gx;gy
580277;3;NAV_BACK;cond=1,set=23,animal_idx=0,animal_name=Katze,ids=katze_025.png;0.29766452;0.6473194
446770;-1;GAZE;;0.38068065;0.5573854
446785;-1;GAZE;;0.4763002;0.43177548
446800;-1;GAZE;;0.46236125;0.44597885
446816;-1;GAZE;;0.48912957;0.4335279
446832;-1;GAZE;;0.49050963;0.42996055
446847;-1;GAZE;;0.48948792;0.4230709
446863;-1;GAZE;;0.49222073;0.4152384
446891;-1;GAZE;;0.48997405;0.41127262
446911;-1;GAZE;;0.49244416;0.40555805
