ms;state;event;payload;gx;gy
580121;3;NAV_BACK;cond=1,set=24,animal_idx=0,animal_name=Katze,ids=katze_026.jpeg;0.018599348;0.8565348
446614;-1;GAZE;;0.018360434;0.8602283
446629;-1;GAZE;;0.033517636;0.8805914
446645;-1;GAZE;;0.03703176;0.883341
446661;-1;GAZE;;0.04821769;0.893429
446676;-1;GAZE;;0.06533018;0.88766015
446692;-1;GAZE;;0.07287837;0.8796627
446707;-1;GAZE;;0.06950781;0.8859963
446723;-1;GAZE;;0.081980355;0.8731831
446740;-1;GAZE;;0.29766452;0.6473194
