ms;state;event;payload;gx;gy
580438;3;NAV_BACK;cond=1,set=22,animal_idx=0,animal_name=Katze,ids=katze_024.jpeg;0.49244416;0.40555805
446927;-1;GAZE;;0.5065553;0.3937946
446943;-1;GAZE;;0.5149105;0.3881656
446959;-1;GAZE;;0.53008103;0.3609035
446974;-1;GAZE;;0.5311849;0.36027294
446990;-1;GAZE;;0.5310534;0.35935664
447005;-1;GAZE;;0.5295125;0.3620349
447021;-1;GAZE;;0.52948433;0.36936375
447040;-1;GAZE;;0.5277787;0.36631674
447068;-1;GAZE;;0.52145857;0.35555056
