ms;state;event;payload;gx;gy
580594;3;NAV_BACK;cond=1,set=21,animal_idx=0,animal_name=Katze,ids=katze_023.jpg;0.52145857;0.35555056
447084;-1;GAZE;;0.49496296;0.37610185
447100;-1;GAZE;;0.47306937;0.36798203
447116;-1;GAZE;;0.46887663;0.37093183
447132;-1;GAZE;;0.467415;0.36857235
447147;-1;GAZE;;0.4655321;0.36904633
447163;-1;GAZE;;0.4603778;0.36111882
447191;-1;GAZE;;0.46323803;0.36833575
447210;-1;GAZE;;0.46233097;0.36748925
447225;-1;GAZE;;0.46282113;0.36703342
