ms;state;event;payload;gx;gy
581941;3;NAV_BACK;cond=1,set=15,animal_idx=0,animal_name=Katze,ids=katze_017.png;0.47689977;0.41944274
448423;-1;GAZE;;0.47693425;0.4257091
448438;-1;GAZE;;0.47684038;0.42546988
448454;-1;GAZE;;0.4783456;0.4249827
448470;-1;GAZE;;0.4792114;0.42609823
448486;-1;GAZE;;0.47883675;0.43259567
448502;-1;GAZE;;0.4752052;0.4348496
448518;-1;GAZE;;0.47875172;0.42635265
448540;-1;GAZE;;0.47649035;0.44151726
448565;-1;GAZE;;0.47667712;0.44338244
